-- MySQL dump 10.13  Distrib 8.0.32, for Win64 (x86_64)
--
-- Host: ix-dev.cs.uoregon.edu    Database: foodforyou
-- ------------------------------------------------------
-- Server version	8.0.30

/*!40101 SET @OLD_CHARACTER_SET_CLIENT=@@CHARACTER_SET_CLIENT */;
/*!40101 SET @OLD_CHARACTER_SET_RESULTS=@@CHARACTER_SET_RESULTS */;
/*!40101 SET @OLD_COLLATION_CONNECTION=@@COLLATION_CONNECTION */;
/*!50503 SET NAMES utf8 */;
/*!40103 SET @OLD_TIME_ZONE=@@TIME_ZONE */;
/*!40103 SET TIME_ZONE='+00:00' */;
/*!40014 SET @OLD_UNIQUE_CHECKS=@@UNIQUE_CHECKS, UNIQUE_CHECKS=0 */;
/*!40014 SET @OLD_FOREIGN_KEY_CHECKS=@@FOREIGN_KEY_CHECKS, FOREIGN_KEY_CHECKS=0 */;
/*!40101 SET @OLD_SQL_MODE=@@SQL_MODE, SQL_MODE='NO_AUTO_VALUE_ON_ZERO' */;
/*!40111 SET @OLD_SQL_NOTES=@@SQL_NOTES, SQL_NOTES=0 */;

--
-- Table structure for table `food_bank`
--

DROP TABLE IF EXISTS `food_bank`;
/*!40101 SET @saved_cs_client     = @@character_set_client */;
/*!50503 SET character_set_client = utf8mb4 */;
CREATE TABLE `food_bank` (
  `Location` text,
  `Address` text,
  `Neighborhood` text,
  `Phone_number` text,
  `fb_ID` int DEFAULT NULL
) ENGINE=InnoDB DEFAULT CHARSET=utf8mb4 COLLATE=utf8mb4_0900_ai_ci;
/*!40101 SET character_set_client = @saved_cs_client */;

--
-- Dumping data for table `food_bank`
--

LOCK TABLES `food_bank` WRITE;
/*!40000 ALTER TABLE `food_bank` DISABLE KEYS */;
INSERT INTO `food_bank` VALUES ('Coburg Food Pantry','32695 E Pearl St.','Downtown Coburg','(831) 345-3866',1),('Bethel Food Pantry','4445 Royal Ave','Bethel Danebo','(541) 688-9085',2),('The Shepherd\'s Table','2537 Game Farm Rd','Bethel','(541) 912-7722',3),('Pray BiG! Food Pantry','4110 River Rd','Santa Clara','(541) 689-4010',4),('St.Vincent de Paul Food Room','456 Hwy 99 N.','Santa Clara','(541) 607-0439',5),('CCS Springfield','1025 G Street\n','G Street','(541) 345-3628',6),('Daily Bread','89780 N Game Farm Rd','West University','(541) 344-3380 ',7),('Catholic Community Services','1464 W 6th Ave\n','Jefferson Westside','541) 345-3628',8),('Crossfire Hands of Hope','942 28th St','Washburne Historic District','(541) 686-5433\n',9),('Larry Collins Memorial Pantry','255 Maxwell Rd','Bethel','(541) 688-2027\n',10),('Salvation Army','640 W 7th Ave','Whiteaker','(541) 343-3328',11),('The ARC of Lane County','4181 E Street','Thurston','(541) 343-5256\n',12),('Casa de Luz','1295 Taney St','Jefferson Westside','(541) 285-3462\n',13),('Eugene Faith Center','1410 W 13th Ave','Santa Clara','(541) 686-9244 ',14),('Alluvium Church','810 W 3rd Ave','Whiteaker','(541) 343-2822',15);
/*!40000 ALTER TABLE `food_bank` ENABLE KEYS */;
UNLOCK TABLES;

--
-- Table structure for table `food_item`
--

DROP TABLE IF EXISTS `food_item`;
/*!40101 SET @saved_cs_client     = @@character_set_client */;
/*!50503 SET character_set_client = utf8mb4 */;
CREATE TABLE `food_item` (
  `Item_name` text,
  `Category` text,
  `Quantity` int DEFAULT NULL,
  `Units` text,
  `Location` text,
  `fb_ID` int DEFAULT NULL,
  `fd_ID` int DEFAULT NULL
) ENGINE=InnoDB DEFAULT CHARSET=utf8mb4 COLLATE=utf8mb4_0900_ai_ci;
/*!40101 SET character_set_client = @saved_cs_client */;

--
-- Dumping data for table `food_item`
--

LOCK TABLES `food_item` WRITE;
/*!40000 ALTER TABLE `food_item` DISABLE KEYS */;
INSERT INTO `food_item` VALUES ('Asparagus','Vegetables',0,'pounds','Coburg Food Pantry',1,1),('Broccoli','Vegetables',81,'pounds','Coburg Food Pantry',1,2),('Carrots','Vegetables',86,'pounds','Coburg Food Pantry',1,3),('Cauliflower','Vegetables',169,'pounds','Coburg Food Pantry',1,4),('Celery','Vegetables',193,'pounds','Coburg Food Pantry',1,5),('Corn','Vegetables',58,'pounds','Coburg Food Pantry',1,6),('Cucumbers','Vegetables',168,'pounds','Coburg Food Pantry',1,7),('Lettuce','Vegetables',104,'pounds','Coburg Food Pantry',1,8),('Mushrooms','Vegetables',123,'pounds','Coburg Food Pantry',1,9),('Onions','Vegetables',88,'pounds','Coburg Food Pantry',1,10),('Peppers','Vegetables',170,'pounds','Coburg Food Pantry',1,11),('Potatoes','Vegetables',21,'pounds','Coburg Food Pantry',1,12),('Spinach','Vegetables',48,'pounds','Coburg Food Pantry',1,13),('Squash','Vegetables',145,'pounds','Coburg Food Pantry',1,14),('Zucchini','Vegetables',56,'pounds','Coburg Food Pantry',1,15),('Tomatoes','Vegetables',173,'pounds','Coburg Food Pantry',1,16),('Butter','Dairy',123,'packs','Coburg Food Pantry',1,17),('Cottage cheese','Dairy',46,'packs','Coburg Food Pantry',1,18),('Half & half','Dairy',0,'packs','Coburg Food Pantry',1,19),('Milk','Dairy',75,'packs','Coburg Food Pantry',1,20),('Sour cream','Dairy',149,'packs','Coburg Food Pantry',1,21),('Whipped cream','Dairy',129,'packs','Coburg Food Pantry',1,22),('Yogurt','Dairy',77,'packs','Coburg Food Pantry',1,23),('Bagels','Baked',43,'bags','Coburg Food Pantry',1,24),('Buns','Baked',137,'bags','Coburg Food Pantry',1,25),('Cake','Baked',150,'bags','Coburg Food Pantry',1,26),('Donuts','Baked',43,'bags','Coburg Food Pantry',1,27),('Fresh bread','Baked',0,'bags','Coburg Food Pantry',1,28),('Pie','Baked',123,'bags','Coburg Food Pantry',1,29),('Pita bread','Baked',40,'bags','Coburg Food Pantry',1,30),('Sliced bread','Baked',0,'bags','Coburg Food Pantry',1,31),('Bacon','Meat',116,'pounds','Coburg Food Pantry',1,32),('Beef','Meat',56,'pounds','Coburg Food Pantry',1,33),('Chicken','Meat',0,'pounds','Coburg Food Pantry',1,34),('Ground beef','Meat',0,'pounds','Coburg Food Pantry',1,35),('Pork','Meat',0,'pounds','Coburg Food Pantry',1,36),('Hot dogs','Meat',105,'pounds','Coburg Food Pantry',1,37),('Lunchmeat','Meat',73,'pounds','Coburg Food Pantry',1,38),('Turkey','Meat',13,'pounds','Coburg Food Pantry',1,39),('Sausgae','Meat',149,'pounds','Coburg Food Pantry',1,40),('Catfish','Seafood',53,'pounds','Coburg Food Pantry',1,41),('Shrimp','Seafood',110,'pounds','Coburg Food Pantry',1,42),('Tuna','Seafood',151,'pounds','Coburg Food Pantry',1,43),('Rice','Carbohydrate',94,'bags','Coburg Food Pantry',1,44),('Spaghetti','Carbohydrate',174,'bags','Coburg Food Pantry',1,45),('Pasta','Carbohydrate',0,'bags','Coburg Food Pantry',1,46),('Cereals','Carbohydrate',78,'bags','Coburg Food Pantry',1,47),('Muffin','Carbohydrate',178,'bags','Coburg Food Pantry',1,48),('Biscuit','Carbohydrate',166,'bags','Coburg Food Pantry',1,49),('Apples','Fruits',0,'pounds','Coburg Food Pantry',1,50),('Avocados','Fruits',32,'pounds','Coburg Food Pantry',1,51),('Bananas','Fruits',0,'pounds','Coburg Food Pantry',1,52),('Berries','Fruits',178,'pounds','Coburg Food Pantry',1,53),('Cherries','Fruits',0,'pounds','Coburg Food Pantry',1,54),('Grapefruit','Fruits',82,'pounds','Coburg Food Pantry',1,55),('Grapes','Fruits',176,'pounds','Coburg Food Pantry',1,56),('Kiwis','Fruits',167,'pounds','Coburg Food Pantry',1,57),('Lemons','Fruits',123,'pounds','Coburg Food Pantry',1,58),('Melon','Fruits',20,'pounds','Coburg Food Pantry',1,59),('Nectarines','Fruits',48,'pounds','Coburg Food Pantry',1,60),('Oranges','Fruits',26,'pounds','Coburg Food Pantry',1,61),('Peaches','Fruits',63,'pounds','Coburg Food Pantry',1,62),('Pears','Fruits',25,'pounds','Coburg Food Pantry',1,63),('Plums','Fruits',131,'pounds','Coburg Food Pantry',1,64),('Applesauce','Canned',57,'cans','Coburg Food Pantry',1,65),('Baked beans','Canned',166,'cans','Coburg Food Pantry',1,66),('Broth','Canned',24,'cans','Coburg Food Pantry',1,67),('Fruit','Canned',188,'cans','Coburg Food Pantry',1,68),('Olives','Canned',135,'cans','Coburg Food Pantry',1,69),('Tinned meats','Canned',156,'cans','Coburg Food Pantry',1,70),('Chicken','Canned',4,'cans','Coburg Food Pantry',1,71),('Chili','Canned',0,'cans','Coburg Food Pantry',1,72),('Veggies','Canned',79,'cans','Coburg Food Pantry',1,73),('Asparagus','Vegetables',78,'pounds','Bethel Food Pantry',2,74),('Broccoli','Vegetables',109,'pounds','Bethel Food Pantry',2,75),('Carrots','Vegetables',0,'pounds','Bethel Food Pantry',2,76),('Cauliflower','Vegetables',13,'pounds','Bethel Food Pantry',2,77),('Celery','Vegetables',0,'pounds','Bethel Food Pantry',2,78),('Corn','Vegetables',91,'pounds','Bethel Food Pantry',2,79),('Cucumbers','Vegetables',99,'pounds','Bethel Food Pantry',2,80),('Lettuce','Vegetables',0,'pounds','Bethel Food Pantry',2,81),('Mushrooms','Vegetables',116,'pounds','Bethel Food Pantry',2,82),('Onions','Vegetables',55,'pounds','Bethel Food Pantry',2,83),('Peppers','Vegetables',30,'pounds','Bethel Food Pantry',2,84),('Potatoes','Vegetables',170,'pounds','Bethel Food Pantry',2,85),('Spinach','Vegetables',179,'pounds','Bethel Food Pantry',2,86),('Squash','Vegetables',17,'pounds','Bethel Food Pantry',2,87),('Zucchini','Vegetables',101,'pounds','Bethel Food Pantry',2,88),('Tomatoes','Vegetables',143,'pounds','Bethel Food Pantry',2,89),('Butter','Dairy',112,'packs','Bethel Food Pantry',2,90),('Cottage cheese','Dairy',195,'packs','Bethel Food Pantry',2,91),('Half & half','Dairy',170,'packs','Bethel Food Pantry',2,92),('Milk','Dairy',0,'packs','Bethel Food Pantry',2,93),('Sour cream','Dairy',12,'packs','Bethel Food Pantry',2,94),('Whipped cream','Dairy',159,'packs','Bethel Food Pantry',2,95),('Yogurt','Dairy',32,'packs','Bethel Food Pantry',2,96),('Bagels','Baked',48,'bags','Bethel Food Pantry',2,97),('Buns','Baked',137,'bags','Bethel Food Pantry',2,98),('Cake','Baked',0,'bags','Bethel Food Pantry',2,99),('Donuts','Baked',56,'bags','Bethel Food Pantry',2,100),('Fresh bread','Baked',0,'bags','Bethel Food Pantry',2,101),('Pie','Baked',103,'bags','Bethel Food Pantry',2,102),('Pita bread','Baked',37,'bags','Bethel Food Pantry',2,103),('Sliced bread','Baked',0,'bags','Bethel Food Pantry',2,104),('Bacon','Meat',67,'pounds','Bethel Food Pantry',2,105),('Beef','Meat',72,'pounds','Bethel Food Pantry',2,106),('Chicken','Meat',103,'pounds','Bethel Food Pantry',2,107),('Ground beef','Meat',0,'pounds','Bethel Food Pantry',2,108),('Pork','Meat',0,'pounds','Bethel Food Pantry',2,109),('Hot dogs','Meat',190,'pounds','Bethel Food Pantry',2,110),('Lunchmeat','Meat',60,'pounds','Bethel Food Pantry',2,111),('Turkey','Meat',0,'pounds','Bethel Food Pantry',2,112),('Sausgae','Meat',0,'pounds','Bethel Food Pantry',2,113),('Catfish','Seafood',177,'pounds','Bethel Food Pantry',2,114),('Shrimp','Seafood',78,'pounds','Bethel Food Pantry',2,115),('Tuna','Seafood',26,'pounds','Bethel Food Pantry',2,116),('Rice','Carbohydrate',15,'bags','Bethel Food Pantry',2,117),('Spaghetti','Carbohydrate',40,'bags','Bethel Food Pantry',2,118),('Pasta','Carbohydrate',74,'bags','Bethel Food Pantry',2,119),('Cereals','Carbohydrate',153,'bags','Bethel Food Pantry',2,120),('Muffin','Carbohydrate',57,'bags','Bethel Food Pantry',2,121),('Biscuit','Carbohydrate',148,'bags','Bethel Food Pantry',2,122),('Apples','Fruits',144,'pounds','Bethel Food Pantry',2,123),('Avocados','Fruits',0,'pounds','Bethel Food Pantry',2,124),('Bananas','Fruits',83,'pounds','Bethel Food Pantry',2,125),('Berries','Fruits',66,'pounds','Bethel Food Pantry',2,126),('Cherries','Fruits',0,'pounds','Bethel Food Pantry',2,127),('Grapefruit','Fruits',125,'pounds','Bethel Food Pantry',2,128),('Grapes','Fruits',124,'pounds','Bethel Food Pantry',2,129),('Kiwis','Fruits',52,'pounds','Bethel Food Pantry',2,130),('Lemons','Fruits',0,'pounds','Bethel Food Pantry',2,131),('Melon','Fruits',86,'pounds','Bethel Food Pantry',2,132),('Nectarines','Fruits',154,'pounds','Bethel Food Pantry',2,133),('Oranges','Fruits',62,'pounds','Bethel Food Pantry',2,134),('Peaches','Fruits',160,'pounds','Bethel Food Pantry',2,135),('Pears','Fruits',151,'pounds','Bethel Food Pantry',2,136),('Plums','Fruits',136,'pounds','Bethel Food Pantry',2,137),('Applesauce','Canned',122,'cans','Bethel Food Pantry',2,138),('Baked beans','Canned',0,'cans','Bethel Food Pantry',2,139),('Broth','Canned',0,'cans','Bethel Food Pantry',2,140),('Fruit','Canned',0,'cans','Bethel Food Pantry',2,141),('Olives','Canned',106,'cans','Bethel Food Pantry',2,142),('Tinned meats','Canned',63,'cans','Bethel Food Pantry',2,143),('Chicken','Canned',71,'cans','Bethel Food Pantry',2,144),('Chili','Canned',150,'cans','Bethel Food Pantry',2,145),('Veggies','Canned',54,'cans','Bethel Food Pantry',2,146),('Asparagus','Vegetables',105,'pounds','The Shepherd\'s Table',3,147),('Broccoli','Vegetables',0,'pounds','The Shepherd\'s Table',3,148),('Carrots','Vegetables',196,'pounds','The Shepherd\'s Table',3,149),('Cauliflower','Vegetables',3,'pounds','The Shepherd\'s Table',3,150),('Celery','Vegetables',129,'pounds','The Shepherd\'s Table',3,151),('Corn','Vegetables',0,'pounds','The Shepherd\'s Table',3,152),('Cucumbers','Vegetables',22,'pounds','The Shepherd\'s Table',3,153),('Lettuce','Vegetables',7,'pounds','The Shepherd\'s Table',3,154),('Mushrooms','Vegetables',0,'pounds','The Shepherd\'s Table',3,155),('Onions','Vegetables',143,'pounds','The Shepherd\'s Table',3,156),('Peppers','Vegetables',132,'pounds','The Shepherd\'s Table',3,157),('Potatoes','Vegetables',190,'pounds','The Shepherd\'s Table',3,158),('Spinach','Vegetables',60,'pounds','The Shepherd\'s Table',3,159),('Squash','Vegetables',145,'pounds','The Shepherd\'s Table',3,160),('Zucchini','Vegetables',163,'pounds','The Shepherd\'s Table',3,161),('Tomatoes','Vegetables',176,'pounds','The Shepherd\'s Table',3,162),('Butter','Dairy',76,'packs','The Shepherd\'s Table',3,163),('Cottage cheese','Dairy',132,'packs','The Shepherd\'s Table',3,164),('Half & half','Dairy',0,'packs','The Shepherd\'s Table',3,165),('Milk','Dairy',90,'packs','The Shepherd\'s Table',3,166),('Sour cream','Dairy',199,'packs','The Shepherd\'s Table',3,167),('Whipped cream','Dairy',180,'packs','The Shepherd\'s Table',3,168),('Yogurt','Dairy',0,'packs','The Shepherd\'s Table',3,169),('Bagels','Baked',0,'bags','The Shepherd\'s Table',3,170),('Buns','Baked',199,'bags','The Shepherd\'s Table',3,171),('Cake','Baked',73,'bags','The Shepherd\'s Table',3,172),('Donuts','Baked',0,'bags','The Shepherd\'s Table',3,173),('Fresh bread','Baked',0,'bags','The Shepherd\'s Table',3,174),('Pie','Baked',43,'bags','The Shepherd\'s Table',3,175),('Pita bread','Baked',182,'bags','The Shepherd\'s Table',3,176),('Sliced bread','Baked',40,'bags','The Shepherd\'s Table',3,177),('Bacon','Meat',152,'pounds','The Shepherd\'s Table',3,178),('Beef','Meat',49,'pounds','The Shepherd\'s Table',3,179),('Chicken','Meat',59,'pounds','The Shepherd\'s Table',3,180),('Ground beef','Meat',113,'pounds','The Shepherd\'s Table',3,181),('Pork','Meat',0,'pounds','The Shepherd\'s Table',3,182),('Hot dogs','Meat',79,'pounds','The Shepherd\'s Table',3,183),('Lunchmeat','Meat',89,'pounds','The Shepherd\'s Table',3,184),('Turkey','Meat',151,'pounds','The Shepherd\'s Table',3,185),('Sausgae','Meat',3,'pounds','The Shepherd\'s Table',3,186),('Catfish','Seafood',185,'pounds','The Shepherd\'s Table',3,187),('Shrimp','Seafood',130,'pounds','The Shepherd\'s Table',3,188),('Tuna','Seafood',120,'pounds','The Shepherd\'s Table',3,189),('Rice','Carbohydrate',0,'bags','The Shepherd\'s Table',3,190),('Spaghetti','Carbohydrate',0,'bags','The Shepherd\'s Table',3,191),('Pasta','Carbohydrate',139,'bags','The Shepherd\'s Table',3,192),('Cereals','Carbohydrate',58,'bags','The Shepherd\'s Table',3,193),('Muffin','Carbohydrate',133,'bags','The Shepherd\'s Table',3,194),('Biscuit','Carbohydrate',40,'bags','The Shepherd\'s Table',3,195),('Apples','Fruits',199,'pounds','The Shepherd\'s Table',3,196),('Avocados','Fruits',57,'pounds','The Shepherd\'s Table',3,197),('Bananas','Fruits',2,'pounds','The Shepherd\'s Table',3,198),('Berries','Fruits',194,'pounds','The Shepherd\'s Table',3,199),('Cherries','Fruits',60,'pounds','The Shepherd\'s Table',3,200),('Grapefruit','Fruits',187,'pounds','The Shepherd\'s Table',3,201),('Grapes','Fruits',116,'pounds','The Shepherd\'s Table',3,202),('Kiwis','Fruits',98,'pounds','The Shepherd\'s Table',3,203),('Lemons','Fruits',165,'pounds','The Shepherd\'s Table',3,204),('Melon','Fruits',146,'pounds','The Shepherd\'s Table',3,205),('Nectarines','Fruits',0,'pounds','The Shepherd\'s Table',3,206),('Oranges','Fruits',92,'pounds','The Shepherd\'s Table',3,207),('Peaches','Fruits',0,'pounds','The Shepherd\'s Table',3,208),('Pears','Fruits',81,'pounds','The Shepherd\'s Table',3,209),('Plums','Fruits',66,'pounds','The Shepherd\'s Table',3,210),('Applesauce','Canned',0,'cans','The Shepherd\'s Table',3,211),('Baked beans','Canned',132,'cans','The Shepherd\'s Table',3,212),('Broth','Canned',64,'cans','The Shepherd\'s Table',3,213),('Fruit','Canned',17,'cans','The Shepherd\'s Table',3,214),('Olives','Canned',31,'cans','The Shepherd\'s Table',3,215),('Tinned meats','Canned',151,'cans','The Shepherd\'s Table',3,216),('Chicken','Canned',77,'cans','The Shepherd\'s Table',3,217),('Chili','Canned',0,'cans','The Shepherd\'s Table',3,218),('Veggies','Canned',190,'cans','The Shepherd\'s Table',3,219),('Asparagus','Vegetables',148,'pounds','Pray BiG! Food Pantry',4,220),('Broccoli','Vegetables',0,'pounds','Pray BiG! Food Pantry',4,221),('Carrots','Vegetables',107,'pounds','Pray BiG! Food Pantry',4,222),('Cauliflower','Vegetables',5,'pounds','Pray BiG! Food Pantry',4,223),('Celery','Vegetables',186,'pounds','Pray BiG! Food Pantry',4,224),('Corn','Vegetables',143,'pounds','Pray BiG! Food Pantry',4,225),('Cucumbers','Vegetables',0,'pounds','Pray BiG! Food Pantry',4,226),('Lettuce','Vegetables',89,'pounds','Pray BiG! Food Pantry',4,227),('Mushrooms','Vegetables',63,'pounds','Pray BiG! Food Pantry',4,228),('Onions','Vegetables',156,'pounds','Pray BiG! Food Pantry',4,229),('Peppers','Vegetables',87,'pounds','Pray BiG! Food Pantry',4,230),('Potatoes','Vegetables',75,'pounds','Pray BiG! Food Pantry',4,231),('Spinach','Vegetables',0,'pounds','Pray BiG! Food Pantry',4,232),('Squash','Vegetables',70,'pounds','Pray BiG! Food Pantry',4,233),('Zucchini','Vegetables',100,'pounds','Pray BiG! Food Pantry',4,234),('Tomatoes','Vegetables',191,'pounds','Pray BiG! Food Pantry',4,235),('Butter','Dairy',137,'packs','Pray BiG! Food Pantry',4,236),('Cottage cheese','Dairy',0,'packs','Pray BiG! Food Pantry',4,237),('Half & half','Dairy',45,'packs','Pray BiG! Food Pantry',4,238),('Milk','Dairy',41,'packs','Pray BiG! Food Pantry',4,239),('Sour cream','Dairy',94,'packs','Pray BiG! Food Pantry',4,240),('Whipped cream','Dairy',166,'packs','Pray BiG! Food Pantry',4,241),('Yogurt','Dairy',145,'packs','Pray BiG! Food Pantry',4,242),('Bagels','Baked',63,'bags','Pray BiG! Food Pantry',4,243),('Buns','Baked',0,'bags','Pray BiG! Food Pantry',4,244),('Cake','Baked',195,'bags','Pray BiG! Food Pantry',4,245),('Donuts','Baked',0,'bags','Pray BiG! Food Pantry',4,246),('Fresh bread','Baked',197,'bags','Pray BiG! Food Pantry',4,247),('Pie','Baked',85,'bags','Pray BiG! Food Pantry',4,248),('Pita bread','Baked',48,'bags','Pray BiG! Food Pantry',4,249),('Sliced bread','Baked',106,'bags','Pray BiG! Food Pantry',4,250),('Bacon','Meat',96,'pounds','Pray BiG! Food Pantry',4,251),('Beef','Meat',34,'pounds','Pray BiG! Food Pantry',4,252),('Chicken','Meat',40,'pounds','Pray BiG! Food Pantry',4,253),('Ground beef','Meat',48,'pounds','Pray BiG! Food Pantry',4,254),('Pork','Meat',45,'pounds','Pray BiG! Food Pantry',4,255),('Hot dogs','Meat',124,'pounds','Pray BiG! Food Pantry',4,256),('Lunchmeat','Meat',12,'pounds','Pray BiG! Food Pantry',4,257),('Turkey','Meat',195,'pounds','Pray BiG! Food Pantry',4,258),('Sausgae','Meat',54,'pounds','Pray BiG! Food Pantry',4,259),('Catfish','Seafood',125,'pounds','Pray BiG! Food Pantry',4,260),('Shrimp','Seafood',61,'pounds','Pray BiG! Food Pantry',4,261),('Tuna','Seafood',50,'pounds','Pray BiG! Food Pantry',4,262),('Rice','Carbohydrate',185,'bags','Pray BiG! Food Pantry',4,263),('Spaghetti','Carbohydrate',164,'bags','Pray BiG! Food Pantry',4,264),('Pasta','Carbohydrate',171,'bags','Pray BiG! Food Pantry',4,265),('Cereals','Carbohydrate',63,'bags','Pray BiG! Food Pantry',4,266),('Muffin','Carbohydrate',189,'bags','Pray BiG! Food Pantry',4,267),('Biscuit','Carbohydrate',75,'bags','Pray BiG! Food Pantry',4,268),('Apples','Fruits',0,'pounds','Pray BiG! Food Pantry',4,269),('Avocados','Fruits',45,'pounds','Pray BiG! Food Pantry',4,270),('Bananas','Fruits',0,'pounds','Pray BiG! Food Pantry',4,271),('Berries','Fruits',0,'pounds','Pray BiG! Food Pantry',4,272),('Cherries','Fruits',177,'pounds','Pray BiG! Food Pantry',4,273),('Grapefruit','Fruits',177,'pounds','Pray BiG! Food Pantry',4,274),('Grapes','Fruits',179,'pounds','Pray BiG! Food Pantry',4,275),('Kiwis','Fruits',90,'pounds','Pray BiG! Food Pantry',4,276),('Lemons','Fruits',0,'pounds','Pray BiG! Food Pantry',4,277),('Melon','Fruits',191,'pounds','Pray BiG! Food Pantry',4,278),('Nectarines','Fruits',53,'pounds','Pray BiG! Food Pantry',4,279),('Oranges','Fruits',26,'pounds','Pray BiG! Food Pantry',4,280),('Peaches','Fruits',104,'pounds','Pray BiG! Food Pantry',4,281),('Pears','Fruits',98,'pounds','Pray BiG! Food Pantry',4,282),('Plums','Fruits',147,'pounds','Pray BiG! Food Pantry',4,283),('Applesauce','Canned',5,'cans','Pray BiG! Food Pantry',4,284),('Baked beans','Canned',0,'cans','Pray BiG! Food Pantry',4,285),('Broth','Canned',177,'cans','Pray BiG! Food Pantry',4,286),('Fruit','Canned',191,'cans','Pray BiG! Food Pantry',4,287),('Olives','Canned',174,'cans','Pray BiG! Food Pantry',4,288),('Tinned meats','Canned',155,'cans','Pray BiG! Food Pantry',4,289),('Chicken','Canned',151,'cans','Pray BiG! Food Pantry',4,290),('Chili','Canned',158,'cans','Pray BiG! Food Pantry',4,291),('Veggies','Canned',85,'cans','Pray BiG! Food Pantry',4,292),('Asparagus','Vegetables',43,'pounds','St.Vincent de Paul Food Room',5,293),('Broccoli','Vegetables',120,'pounds','St.Vincent de Paul Food Room',5,294),('Carrots','Vegetables',37,'pounds','St.Vincent de Paul Food Room',5,295),('Cauliflower','Vegetables',83,'pounds','St.Vincent de Paul Food Room',5,296),('Celery','Vegetables',46,'pounds','St.Vincent de Paul Food Room',5,297),('Corn','Vegetables',90,'pounds','St.Vincent de Paul Food Room',5,298),('Cucumbers','Vegetables',8,'pounds','St.Vincent de Paul Food Room',5,299),('Lettuce','Vegetables',165,'pounds','St.Vincent de Paul Food Room',5,300),('Mushrooms','Vegetables',133,'pounds','St.Vincent de Paul Food Room',5,301),('Onions','Vegetables',0,'pounds','St.Vincent de Paul Food Room',5,302),('Peppers','Vegetables',40,'pounds','St.Vincent de Paul Food Room',5,303),('Potatoes','Vegetables',127,'pounds','St.Vincent de Paul Food Room',5,304),('Spinach','Vegetables',70,'pounds','St.Vincent de Paul Food Room',5,305),('Squash','Vegetables',20,'pounds','St.Vincent de Paul Food Room',5,306),('Zucchini','Vegetables',0,'pounds','St.Vincent de Paul Food Room',5,307),('Tomatoes','Vegetables',62,'pounds','St.Vincent de Paul Food Room',5,308),('Butter','Dairy',86,'packs','St.Vincent de Paul Food Room',5,309),('Cottage cheese','Dairy',188,'packs','St.Vincent de Paul Food Room',5,310),('Half & half','Dairy',0,'packs','St.Vincent de Paul Food Room',5,311),('Milk','Dairy',98,'packs','St.Vincent de Paul Food Room',5,312),('Sour cream','Dairy',90,'packs','St.Vincent de Paul Food Room',5,313),('Whipped cream','Dairy',23,'packs','St.Vincent de Paul Food Room',5,314),('Yogurt','Dairy',42,'packs','St.Vincent de Paul Food Room',5,315),('Bagels','Baked',0,'bags','St.Vincent de Paul Food Room',5,316),('Buns','Baked',124,'bags','St.Vincent de Paul Food Room',5,317),('Cake','Baked',0,'bags','St.Vincent de Paul Food Room',5,318),('Donuts','Baked',63,'bags','St.Vincent de Paul Food Room',5,319),('Fresh bread','Baked',18,'bags','St.Vincent de Paul Food Room',5,320),('Pie','Baked',112,'bags','St.Vincent de Paul Food Room',5,321),('Pita bread','Baked',34,'bags','St.Vincent de Paul Food Room',5,322),('Sliced bread','Baked',0,'bags','St.Vincent de Paul Food Room',5,323),('Bacon','Meat',0,'pounds','St.Vincent de Paul Food Room',5,324),('Beef','Meat',116,'pounds','St.Vincent de Paul Food Room',5,325),('Chicken','Meat',21,'pounds','St.Vincent de Paul Food Room',5,326),('Ground beef','Meat',109,'pounds','St.Vincent de Paul Food Room',5,327),('Pork','Meat',40,'pounds','St.Vincent de Paul Food Room',5,328),('Hot dogs','Meat',0,'pounds','St.Vincent de Paul Food Room',5,329),('Lunchmeat','Meat',0,'pounds','St.Vincent de Paul Food Room',5,330),('Turkey','Meat',81,'pounds','St.Vincent de Paul Food Room',5,331),('Sausgae','Meat',0,'pounds','St.Vincent de Paul Food Room',5,332),('Catfish','Seafood',158,'pounds','St.Vincent de Paul Food Room',5,333),('Shrimp','Seafood',36,'pounds','St.Vincent de Paul Food Room',5,334),('Tuna','Seafood',0,'pounds','St.Vincent de Paul Food Room',5,335),('Rice','Carbohydrate',130,'bags','St.Vincent de Paul Food Room',5,336),('Spaghetti','Carbohydrate',141,'bags','St.Vincent de Paul Food Room',5,337),('Pasta','Carbohydrate',68,'bags','St.Vincent de Paul Food Room',5,338),('Cereals','Carbohydrate',0,'bags','St.Vincent de Paul Food Room',5,339),('Muffin','Carbohydrate',51,'bags','St.Vincent de Paul Food Room',5,340),('Biscuit','Carbohydrate',183,'bags','St.Vincent de Paul Food Room',5,341),('Apples','Fruits',0,'pounds','St.Vincent de Paul Food Room',5,342),('Avocados','Fruits',56,'pounds','St.Vincent de Paul Food Room',5,343),('Bananas','Fruits',117,'pounds','St.Vincent de Paul Food Room',5,344),('Berries','Fruits',180,'pounds','St.Vincent de Paul Food Room',5,345),('Cherries','Fruits',158,'pounds','St.Vincent de Paul Food Room',5,346),('Grapefruit','Fruits',49,'pounds','St.Vincent de Paul Food Room',5,347),('Grapes','Fruits',193,'pounds','St.Vincent de Paul Food Room',5,348),('Kiwis','Fruits',0,'pounds','St.Vincent de Paul Food Room',5,349),('Lemons','Fruits',108,'pounds','St.Vincent de Paul Food Room',5,350),('Melon','Fruits',61,'pounds','St.Vincent de Paul Food Room',5,351),('Nectarines','Fruits',6,'pounds','St.Vincent de Paul Food Room',5,352),('Oranges','Fruits',179,'pounds','St.Vincent de Paul Food Room',5,353),('Peaches','Fruits',64,'pounds','St.Vincent de Paul Food Room',5,354),('Pears','Fruits',0,'pounds','St.Vincent de Paul Food Room',5,355),('Plums','Fruits',0,'pounds','St.Vincent de Paul Food Room',5,356),('Applesauce','Canned',0,'cans','St.Vincent de Paul Food Room',5,357),('Baked beans','Canned',156,'cans','St.Vincent de Paul Food Room',5,358),('Broth','Canned',73,'cans','St.Vincent de Paul Food Room',5,359),('Fruit','Canned',0,'cans','St.Vincent de Paul Food Room',5,360),('Olives','Canned',193,'cans','St.Vincent de Paul Food Room',5,361),('Tinned meats','Canned',31,'cans','St.Vincent de Paul Food Room',5,362),('Chicken','Canned',53,'cans','St.Vincent de Paul Food Room',5,363),('Chili','Canned',0,'cans','St.Vincent de Paul Food Room',5,364),('Veggies','Canned',10,'cans','St.Vincent de Paul Food Room',5,365),('Asparagus','Vegetables',23,'pounds','CCS Springfield',6,366),('Broccoli','Vegetables',47,'pounds','CCS Springfield',6,367),('Carrots','Vegetables',0,'pounds','CCS Springfield',6,368),('Cauliflower','Vegetables',17,'pounds','CCS Springfield',6,369),('Celery','Vegetables',15,'pounds','CCS Springfield',6,370),('Corn','Vegetables',0,'pounds','CCS Springfield',6,371),('Cucumbers','Vegetables',0,'pounds','CCS Springfield',6,372),('Lettuce','Vegetables',177,'pounds','CCS Springfield',6,373),('Mushrooms','Vegetables',50,'pounds','CCS Springfield',6,374),('Onions','Vegetables',188,'pounds','CCS Springfield',6,375),('Peppers','Vegetables',130,'pounds','CCS Springfield',6,376),('Potatoes','Vegetables',139,'pounds','CCS Springfield',6,377),('Spinach','Vegetables',68,'pounds','CCS Springfield',6,378),('Squash','Vegetables',44,'pounds','CCS Springfield',6,379),('Zucchini','Vegetables',0,'pounds','CCS Springfield',6,380),('Tomatoes','Vegetables',9,'pounds','CCS Springfield',6,381),('Butter','Dairy',194,'packs','CCS Springfield',6,382),('Cottage cheese','Dairy',0,'packs','CCS Springfield',6,383),('Half & half','Dairy',94,'packs','CCS Springfield',6,384),('Milk','Dairy',187,'packs','CCS Springfield',6,385),('Sour cream','Dairy',0,'packs','CCS Springfield',6,386),('Whipped cream','Dairy',173,'packs','CCS Springfield',6,387),('Yogurt','Dairy',147,'packs','CCS Springfield',6,388),('Bagels','Baked',108,'bags','CCS Springfield',6,389),('Buns','Baked',69,'bags','CCS Springfield',6,390),('Cake','Baked',188,'bags','CCS Springfield',6,391),('Donuts','Baked',153,'bags','CCS Springfield',6,392),('Fresh bread','Baked',1,'bags','CCS Springfield',6,393),('Pie','Baked',0,'bags','CCS Springfield',6,394),('Pita bread','Baked',29,'bags','CCS Springfield',6,395),('Sliced bread','Baked',64,'bags','CCS Springfield',6,396),('Bacon','Meat',68,'pounds','CCS Springfield',6,397),('Beef','Meat',0,'pounds','CCS Springfield',6,398),('Chicken','Meat',129,'pounds','CCS Springfield',6,399),('Ground beef','Meat',0,'pounds','CCS Springfield',6,400),('Pork','Meat',0,'pounds','CCS Springfield',6,401),('Hot dogs','Meat',138,'pounds','CCS Springfield',6,402),('Lunchmeat','Meat',0,'pounds','CCS Springfield',6,403),('Turkey','Meat',0,'pounds','CCS Springfield',6,404),('Sausgae','Meat',196,'pounds','CCS Springfield',6,405),('Catfish','Seafood',192,'pounds','CCS Springfield',6,406),('Shrimp','Seafood',82,'pounds','CCS Springfield',6,407),('Tuna','Seafood',131,'pounds','CCS Springfield',6,408),('Rice','Carbohydrate',46,'bags','CCS Springfield',6,409),('Spaghetti','Carbohydrate',0,'bags','CCS Springfield',6,410),('Pasta','Carbohydrate',74,'bags','CCS Springfield',6,411),('Cereals','Carbohydrate',99,'bags','CCS Springfield',6,412),('Muffin','Carbohydrate',178,'bags','CCS Springfield',6,413),('Biscuit','Carbohydrate',156,'bags','CCS Springfield',6,414),('Apples','Fruits',0,'pounds','CCS Springfield',6,415),('Avocados','Fruits',173,'pounds','CCS Springfield',6,416),('Bananas','Fruits',95,'pounds','CCS Springfield',6,417),('Berries','Fruits',0,'pounds','CCS Springfield',6,418),('Cherries','Fruits',0,'pounds','CCS Springfield',6,419),('Grapefruit','Fruits',46,'pounds','CCS Springfield',6,420),('Grapes','Fruits',181,'pounds','CCS Springfield',6,421),('Kiwis','Fruits',0,'pounds','CCS Springfield',6,422),('Lemons','Fruits',144,'pounds','CCS Springfield',6,423),('Melon','Fruits',102,'pounds','CCS Springfield',6,424),('Nectarines','Fruits',134,'pounds','CCS Springfield',6,425),('Oranges','Fruits',32,'pounds','CCS Springfield',6,426),('Peaches','Fruits',6,'pounds','CCS Springfield',6,427),('Pears','Fruits',17,'pounds','CCS Springfield',6,428),('Plums','Fruits',135,'pounds','CCS Springfield',6,429),('Applesauce','Canned',70,'cans','CCS Springfield',6,430),('Baked beans','Canned',0,'cans','CCS Springfield',6,431),('Broth','Canned',48,'cans','CCS Springfield',6,432),('Fruit','Canned',34,'cans','CCS Springfield',6,433),('Olives','Canned',143,'cans','CCS Springfield',6,434),('Tinned meats','Canned',1,'cans','CCS Springfield',6,435),('Chicken','Canned',61,'cans','CCS Springfield',6,436),('Chili','Canned',162,'cans','CCS Springfield',6,437),('Veggies','Canned',140,'cans','CCS Springfield',6,438),('Asparagus','Vegetables',92,'pounds','Daily Bread',7,439),('Broccoli','Vegetables',198,'pounds','Daily Bread',7,440),('Carrots','Vegetables',0,'pounds','Daily Bread',7,441),('Cauliflower','Vegetables',0,'pounds','Daily Bread',7,442),('Celery','Vegetables',0,'pounds','Daily Bread',7,443),('Corn','Vegetables',3,'pounds','Daily Bread',7,444),('Cucumbers','Vegetables',114,'pounds','Daily Bread',7,445),('Lettuce','Vegetables',47,'pounds','Daily Bread',7,446),('Mushrooms','Vegetables',151,'pounds','Daily Bread',7,447),('Onions','Vegetables',11,'pounds','Daily Bread',7,448),('Peppers','Vegetables',147,'pounds','Daily Bread',7,449),('Potatoes','Vegetables',175,'pounds','Daily Bread',7,450),('Spinach','Vegetables',68,'pounds','Daily Bread',7,451),('Squash','Vegetables',0,'pounds','Daily Bread',7,452),('Zucchini','Vegetables',15,'pounds','Daily Bread',7,453),('Tomatoes','Vegetables',136,'pounds','Daily Bread',7,454),('Butter','Dairy',134,'packs','Daily Bread',7,455),('Cottage cheese','Dairy',186,'packs','Daily Bread',7,456),('Half & half','Dairy',0,'packs','Daily Bread',7,457),('Milk','Dairy',184,'packs','Daily Bread',7,458),('Sour cream','Dairy',130,'packs','Daily Bread',7,459),('Whipped cream','Dairy',164,'packs','Daily Bread',7,460),('Yogurt','Dairy',191,'packs','Daily Bread',7,461),('Bagels','Baked',190,'bags','Daily Bread',7,462),('Buns','Baked',137,'bags','Daily Bread',7,463),('Cake','Baked',85,'bags','Daily Bread',7,464),('Donuts','Baked',0,'bags','Daily Bread',7,465),('Fresh bread','Baked',60,'bags','Daily Bread',7,466),('Pie','Baked',73,'bags','Daily Bread',7,467),('Pita bread','Baked',184,'bags','Daily Bread',7,468),('Sliced bread','Baked',143,'bags','Daily Bread',7,469),('Bacon','Meat',61,'pounds','Daily Bread',7,470),('Beef','Meat',52,'pounds','Daily Bread',7,471),('Chicken','Meat',47,'pounds','Daily Bread',7,472),('Ground beef','Meat',44,'pounds','Daily Bread',7,473),('Pork','Meat',96,'pounds','Daily Bread',7,474),('Hot dogs','Meat',60,'pounds','Daily Bread',7,475),('Lunchmeat','Meat',0,'pounds','Daily Bread',7,476),('Turkey','Meat',88,'pounds','Daily Bread',7,477),('Sausgae','Meat',103,'pounds','Daily Bread',7,478),('Catfish','Seafood',106,'pounds','Daily Bread',7,479),('Shrimp','Seafood',127,'pounds','Daily Bread',7,480),('Tuna','Seafood',95,'pounds','Daily Bread',7,481),('Rice','Carbohydrate',0,'bags','Daily Bread',7,482),('Spaghetti','Carbohydrate',159,'bags','Daily Bread',7,483),('Pasta','Carbohydrate',0,'bags','Daily Bread',7,484),('Cereals','Carbohydrate',52,'bags','Daily Bread',7,485),('Muffin','Carbohydrate',10,'bags','Daily Bread',7,486),('Biscuit','Carbohydrate',23,'bags','Daily Bread',7,487),('Apples','Fruits',53,'pounds','Daily Bread',7,488),('Avocados','Fruits',113,'pounds','Daily Bread',7,489),('Bananas','Fruits',200,'pounds','Daily Bread',7,490),('Berries','Fruits',124,'pounds','Daily Bread',7,491),('Cherries','Fruits',143,'pounds','Daily Bread',7,492),('Grapefruit','Fruits',15,'pounds','Daily Bread',7,493),('Grapes','Fruits',22,'pounds','Daily Bread',7,494),('Kiwis','Fruits',74,'pounds','Daily Bread',7,495),('Lemons','Fruits',97,'pounds','Daily Bread',7,496),('Melon','Fruits',102,'pounds','Daily Bread',7,497),('Nectarines','Fruits',50,'pounds','Daily Bread',7,498),('Oranges','Fruits',107,'pounds','Daily Bread',7,499),('Peaches','Fruits',0,'pounds','Daily Bread',7,500),('Pears','Fruits',179,'pounds','Daily Bread',7,501),('Plums','Fruits',158,'pounds','Daily Bread',7,502),('Applesauce','Canned',106,'cans','Daily Bread',7,503),('Baked beans','Canned',99,'cans','Daily Bread',7,504),('Broth','Canned',190,'cans','Daily Bread',7,505),('Fruit','Canned',96,'cans','Daily Bread',7,506),('Olives','Canned',40,'cans','Daily Bread',7,507),('Tinned meats','Canned',0,'cans','Daily Bread',7,508),('Chicken','Canned',183,'cans','Daily Bread',7,509),('Chili','Canned',30,'cans','Daily Bread',7,510),('Veggies','Canned',23,'cans','Daily Bread',7,511),('Asparagus','Vegetables',184,'pounds','Catholic Community Services',8,512),('Broccoli','Vegetables',0,'pounds','Catholic Community Services',8,513),('Carrots','Vegetables',33,'pounds','Catholic Community Services',8,514),('Cauliflower','Vegetables',174,'pounds','Catholic Community Services',8,515),('Celery','Vegetables',35,'pounds','Catholic Community Services',8,516),('Corn','Vegetables',34,'pounds','Catholic Community Services',8,517),('Cucumbers','Vegetables',165,'pounds','Catholic Community Services',8,518),('Lettuce','Vegetables',57,'pounds','Catholic Community Services',8,519),('Mushrooms','Vegetables',12,'pounds','Catholic Community Services',8,520),('Onions','Vegetables',25,'pounds','Catholic Community Services',8,521),('Peppers','Vegetables',80,'pounds','Catholic Community Services',8,522),('Potatoes','Vegetables',0,'pounds','Catholic Community Services',8,523),('Spinach','Vegetables',196,'pounds','Catholic Community Services',8,524),('Squash','Vegetables',66,'pounds','Catholic Community Services',8,525),('Zucchini','Vegetables',15,'pounds','Catholic Community Services',8,526),('Tomatoes','Vegetables',166,'pounds','Catholic Community Services',8,527),('Butter','Dairy',0,'packs','Catholic Community Services',8,528),('Cottage cheese','Dairy',49,'packs','Catholic Community Services',8,529),('Half & half','Dairy',0,'packs','Catholic Community Services',8,530),('Milk','Dairy',8,'packs','Catholic Community Services',8,531),('Sour cream','Dairy',192,'packs','Catholic Community Services',8,532),('Whipped cream','Dairy',0,'packs','Catholic Community Services',8,533),('Yogurt','Dairy',0,'packs','Catholic Community Services',8,534),('Bagels','Baked',25,'bags','Catholic Community Services',8,535),('Buns','Baked',194,'bags','Catholic Community Services',8,536),('Cake','Baked',136,'bags','Catholic Community Services',8,537),('Donuts','Baked',190,'bags','Catholic Community Services',8,538),('Fresh bread','Baked',189,'bags','Catholic Community Services',8,539),('Pie','Baked',143,'bags','Catholic Community Services',8,540),('Pita bread','Baked',26,'bags','Catholic Community Services',8,541),('Sliced bread','Baked',65,'bags','Catholic Community Services',8,542),('Bacon','Meat',143,'pounds','Catholic Community Services',8,543),('Beef','Meat',0,'pounds','Catholic Community Services',8,544),('Chicken','Meat',101,'pounds','Catholic Community Services',8,545),('Ground beef','Meat',73,'pounds','Catholic Community Services',8,546),('Pork','Meat',0,'pounds','Catholic Community Services',8,547),('Hot dogs','Meat',0,'pounds','Catholic Community Services',8,548),('Lunchmeat','Meat',186,'pounds','Catholic Community Services',8,549),('Turkey','Meat',82,'pounds','Catholic Community Services',8,550),('Sausgae','Meat',0,'pounds','Catholic Community Services',8,551),('Catfish','Seafood',26,'pounds','Catholic Community Services',8,552),('Shrimp','Seafood',117,'pounds','Catholic Community Services',8,553),('Tuna','Seafood',0,'pounds','Catholic Community Services',8,554),('Rice','Carbohydrate',57,'bags','Catholic Community Services',8,555),('Spaghetti','Carbohydrate',165,'bags','Catholic Community Services',8,556),('Pasta','Carbohydrate',198,'bags','Catholic Community Services',8,557),('Cereals','Carbohydrate',159,'bags','Catholic Community Services',8,558),('Muffin','Carbohydrate',129,'bags','Catholic Community Services',8,559),('Biscuit','Carbohydrate',36,'bags','Catholic Community Services',8,560),('Apples','Fruits',0,'pounds','Catholic Community Services',8,561),('Avocados','Fruits',21,'pounds','Catholic Community Services',8,562),('Bananas','Fruits',0,'pounds','Catholic Community Services',8,563),('Berries','Fruits',167,'pounds','Catholic Community Services',8,564),('Cherries','Fruits',117,'pounds','Catholic Community Services',8,565),('Grapefruit','Fruits',0,'pounds','Catholic Community Services',8,566),('Grapes','Fruits',0,'pounds','Catholic Community Services',8,567),('Kiwis','Fruits',198,'pounds','Catholic Community Services',8,568),('Lemons','Fruits',56,'pounds','Catholic Community Services',8,569),('Melon','Fruits',114,'pounds','Catholic Community Services',8,570),('Nectarines','Fruits',75,'pounds','Catholic Community Services',8,571),('Oranges','Fruits',0,'pounds','Catholic Community Services',8,572),('Peaches','Fruits',3,'pounds','Catholic Community Services',8,573),('Pears','Fruits',193,'pounds','Catholic Community Services',8,574),('Plums','Fruits',90,'pounds','Catholic Community Services',8,575),('Applesauce','Canned',138,'cans','Catholic Community Services',8,576),('Baked beans','Canned',0,'cans','Catholic Community Services',8,577),('Broth','Canned',129,'cans','Catholic Community Services',8,578),('Fruit','Canned',180,'cans','Catholic Community Services',8,579),('Olives','Canned',0,'cans','Catholic Community Services',8,580),('Tinned meats','Canned',196,'cans','Catholic Community Services',8,581),('Chicken','Canned',0,'cans','Catholic Community Services',8,582),('Chili','Canned',152,'cans','Catholic Community Services',8,583),('Veggies','Canned',103,'cans','Catholic Community Services',8,584),('Asparagus','Vegetables',109,'pounds','Crossfire Hands of Hope',9,585),('Broccoli','Vegetables',106,'pounds','Crossfire Hands of Hope',9,586),('Carrots','Vegetables',167,'pounds','Crossfire Hands of Hope',9,587),('Cauliflower','Vegetables',23,'pounds','Crossfire Hands of Hope',9,588),('Celery','Vegetables',0,'pounds','Crossfire Hands of Hope',9,589),('Corn','Vegetables',0,'pounds','Crossfire Hands of Hope',9,590),('Cucumbers','Vegetables',145,'pounds','Crossfire Hands of Hope',9,591),('Lettuce','Vegetables',179,'pounds','Crossfire Hands of Hope',9,592),('Mushrooms','Vegetables',7,'pounds','Crossfire Hands of Hope',9,593),('Onions','Vegetables',0,'pounds','Crossfire Hands of Hope',9,594),('Peppers','Vegetables',132,'pounds','Crossfire Hands of Hope',9,595),('Potatoes','Vegetables',55,'pounds','Crossfire Hands of Hope',9,596),('Spinach','Vegetables',50,'pounds','Crossfire Hands of Hope',9,597),('Squash','Vegetables',0,'pounds','Crossfire Hands of Hope',9,598),('Zucchini','Vegetables',118,'pounds','Crossfire Hands of Hope',9,599),('Tomatoes','Vegetables',64,'pounds','Crossfire Hands of Hope',9,600),('Butter','Dairy',43,'packs','Crossfire Hands of Hope',9,601),('Cottage cheese','Dairy',141,'packs','Crossfire Hands of Hope',9,602),('Half & half','Dairy',65,'packs','Crossfire Hands of Hope',9,603),('Milk','Dairy',118,'packs','Crossfire Hands of Hope',9,604),('Sour cream','Dairy',0,'packs','Crossfire Hands of Hope',9,605),('Whipped cream','Dairy',0,'packs','Crossfire Hands of Hope',9,606),('Yogurt','Dairy',151,'packs','Crossfire Hands of Hope',9,607),('Bagels','Baked',104,'bags','Crossfire Hands of Hope',9,608),('Buns','Baked',92,'bags','Crossfire Hands of Hope',9,609),('Cake','Baked',75,'bags','Crossfire Hands of Hope',9,610),('Donuts','Baked',189,'bags','Crossfire Hands of Hope',9,611),('Fresh bread','Baked',0,'bags','Crossfire Hands of Hope',9,612),('Pie','Baked',129,'bags','Crossfire Hands of Hope',9,613),('Pita bread','Baked',67,'bags','Crossfire Hands of Hope',9,614),('Sliced bread','Baked',83,'bags','Crossfire Hands of Hope',9,615),('Bacon','Meat',110,'pounds','Crossfire Hands of Hope',9,616),('Beef','Meat',8,'pounds','Crossfire Hands of Hope',9,617),('Chicken','Meat',9,'pounds','Crossfire Hands of Hope',9,618),('Ground beef','Meat',54,'pounds','Crossfire Hands of Hope',9,619),('Pork','Meat',59,'pounds','Crossfire Hands of Hope',9,620),('Hot dogs','Meat',4,'pounds','Crossfire Hands of Hope',9,621),('Lunchmeat','Meat',0,'pounds','Crossfire Hands of Hope',9,622),('Turkey','Meat',137,'pounds','Crossfire Hands of Hope',9,623),('Sausgae','Meat',131,'pounds','Crossfire Hands of Hope',9,624),('Catfish','Seafood',0,'pounds','Crossfire Hands of Hope',9,625),('Shrimp','Seafood',187,'pounds','Crossfire Hands of Hope',9,626),('Tuna','Seafood',91,'pounds','Crossfire Hands of Hope',9,627),('Rice','Carbohydrate',193,'bags','Crossfire Hands of Hope',9,628),('Spaghetti','Carbohydrate',172,'bags','Crossfire Hands of Hope',9,629),('Pasta','Carbohydrate',166,'bags','Crossfire Hands of Hope',9,630),('Cereals','Carbohydrate',42,'bags','Crossfire Hands of Hope',9,631),('Muffin','Carbohydrate',123,'bags','Crossfire Hands of Hope',9,632),('Biscuit','Carbohydrate',17,'bags','Crossfire Hands of Hope',9,633),('Apples','Fruits',29,'pounds','Crossfire Hands of Hope',9,634),('Avocados','Fruits',23,'pounds','Crossfire Hands of Hope',9,635),('Bananas','Fruits',139,'pounds','Crossfire Hands of Hope',9,636),('Berries','Fruits',0,'pounds','Crossfire Hands of Hope',9,637),('Cherries','Fruits',0,'pounds','Crossfire Hands of Hope',9,638),('Grapefruit','Fruits',189,'pounds','Crossfire Hands of Hope',9,639),('Grapes','Fruits',89,'pounds','Crossfire Hands of Hope',9,640),('Kiwis','Fruits',164,'pounds','Crossfire Hands of Hope',9,641),('Lemons','Fruits',79,'pounds','Crossfire Hands of Hope',9,642),('Melon','Fruits',132,'pounds','Crossfire Hands of Hope',9,643),('Nectarines','Fruits',68,'pounds','Crossfire Hands of Hope',9,644),('Oranges','Fruits',107,'pounds','Crossfire Hands of Hope',9,645),('Peaches','Fruits',34,'pounds','Crossfire Hands of Hope',9,646),('Pears','Fruits',0,'pounds','Crossfire Hands of Hope',9,647),('Plums','Fruits',47,'pounds','Crossfire Hands of Hope',9,648),('Applesauce','Canned',31,'cans','Crossfire Hands of Hope',9,649),('Baked beans','Canned',0,'cans','Crossfire Hands of Hope',9,650),('Broth','Canned',36,'cans','Crossfire Hands of Hope',9,651),('Fruit','Canned',168,'cans','Crossfire Hands of Hope',9,652),('Olives','Canned',0,'cans','Crossfire Hands of Hope',9,653),('Tinned meats','Canned',95,'cans','Crossfire Hands of Hope',9,654),('Chicken','Canned',165,'cans','Crossfire Hands of Hope',9,655),('Chili','Canned',187,'cans','Crossfire Hands of Hope',9,656),('Veggies','Canned',182,'cans','Crossfire Hands of Hope',9,657),('Asparagus','Vegetables',32,'pounds','Larry Collins Memorial Pantry',10,658),('Broccoli','Vegetables',0,'pounds','Larry Collins Memorial Pantry',10,659),('Carrots','Vegetables',160,'pounds','Larry Collins Memorial Pantry',10,660),('Cauliflower','Vegetables',191,'pounds','Larry Collins Memorial Pantry',10,661),('Celery','Vegetables',184,'pounds','Larry Collins Memorial Pantry',10,662),('Corn','Vegetables',171,'pounds','Larry Collins Memorial Pantry',10,663),('Cucumbers','Vegetables',86,'pounds','Larry Collins Memorial Pantry',10,664),('Lettuce','Vegetables',11,'pounds','Larry Collins Memorial Pantry',10,665),('Mushrooms','Vegetables',0,'pounds','Larry Collins Memorial Pantry',10,666),('Onions','Vegetables',101,'pounds','Larry Collins Memorial Pantry',10,667),('Peppers','Vegetables',0,'pounds','Larry Collins Memorial Pantry',10,668),('Potatoes','Vegetables',70,'pounds','Larry Collins Memorial Pantry',10,669),('Spinach','Vegetables',70,'pounds','Larry Collins Memorial Pantry',10,670),('Squash','Vegetables',91,'pounds','Larry Collins Memorial Pantry',10,671),('Zucchini','Vegetables',170,'pounds','Larry Collins Memorial Pantry',10,672),('Tomatoes','Vegetables',83,'pounds','Larry Collins Memorial Pantry',10,673),('Butter','Dairy',135,'packs','Larry Collins Memorial Pantry',10,674),('Cottage cheese','Dairy',34,'packs','Larry Collins Memorial Pantry',10,675),('Half & half','Dairy',169,'packs','Larry Collins Memorial Pantry',10,676),('Milk','Dairy',85,'packs','Larry Collins Memorial Pantry',10,677),('Sour cream','Dairy',119,'packs','Larry Collins Memorial Pantry',10,678),('Whipped cream','Dairy',106,'packs','Larry Collins Memorial Pantry',10,679),('Yogurt','Dairy',0,'packs','Larry Collins Memorial Pantry',10,680),('Bagels','Baked',197,'bags','Larry Collins Memorial Pantry',10,681),('Buns','Baked',0,'bags','Larry Collins Memorial Pantry',10,682),('Cake','Baked',159,'bags','Larry Collins Memorial Pantry',10,683),('Donuts','Baked',136,'bags','Larry Collins Memorial Pantry',10,684),('Fresh bread','Baked',0,'bags','Larry Collins Memorial Pantry',10,685),('Pie','Baked',82,'bags','Larry Collins Memorial Pantry',10,686),('Pita bread','Baked',181,'bags','Larry Collins Memorial Pantry',10,687),('Sliced bread','Baked',94,'bags','Larry Collins Memorial Pantry',10,688),('Bacon','Meat',65,'pounds','Larry Collins Memorial Pantry',10,689),('Beef','Meat',185,'pounds','Larry Collins Memorial Pantry',10,690),('Chicken','Meat',23,'pounds','Larry Collins Memorial Pantry',10,691),('Ground beef','Meat',37,'pounds','Larry Collins Memorial Pantry',10,692),('Pork','Meat',60,'pounds','Larry Collins Memorial Pantry',10,693),('Hot dogs','Meat',157,'pounds','Larry Collins Memorial Pantry',10,694),('Lunchmeat','Meat',167,'pounds','Larry Collins Memorial Pantry',10,695),('Turkey','Meat',42,'pounds','Larry Collins Memorial Pantry',10,696),('Sausgae','Meat',181,'pounds','Larry Collins Memorial Pantry',10,697),('Catfish','Seafood',96,'pounds','Larry Collins Memorial Pantry',10,698),('Shrimp','Seafood',73,'pounds','Larry Collins Memorial Pantry',10,699),('Tuna','Seafood',144,'pounds','Larry Collins Memorial Pantry',10,700),('Rice','Carbohydrate',0,'bags','Larry Collins Memorial Pantry',10,701),('Spaghetti','Carbohydrate',0,'bags','Larry Collins Memorial Pantry',10,702),('Pasta','Carbohydrate',3,'bags','Larry Collins Memorial Pantry',10,703),('Cereals','Carbohydrate',142,'bags','Larry Collins Memorial Pantry',10,704),('Muffin','Carbohydrate',180,'bags','Larry Collins Memorial Pantry',10,705),('Biscuit','Carbohydrate',0,'bags','Larry Collins Memorial Pantry',10,706),('Apples','Fruits',179,'pounds','Larry Collins Memorial Pantry',10,707),('Avocados','Fruits',36,'pounds','Larry Collins Memorial Pantry',10,708),('Bananas','Fruits',108,'pounds','Larry Collins Memorial Pantry',10,709),('Berries','Fruits',146,'pounds','Larry Collins Memorial Pantry',10,710),('Cherries','Fruits',0,'pounds','Larry Collins Memorial Pantry',10,711),('Grapefruit','Fruits',149,'pounds','Larry Collins Memorial Pantry',10,712),('Grapes','Fruits',90,'pounds','Larry Collins Memorial Pantry',10,713),('Kiwis','Fruits',44,'pounds','Larry Collins Memorial Pantry',10,714),('Lemons','Fruits',171,'pounds','Larry Collins Memorial Pantry',10,715),('Melon','Fruits',143,'pounds','Larry Collins Memorial Pantry',10,716),('Nectarines','Fruits',36,'pounds','Larry Collins Memorial Pantry',10,717),('Oranges','Fruits',17,'pounds','Larry Collins Memorial Pantry',10,718),('Peaches','Fruits',154,'pounds','Larry Collins Memorial Pantry',10,719),('Pears','Fruits',178,'pounds','Larry Collins Memorial Pantry',10,720),('Plums','Fruits',194,'pounds','Larry Collins Memorial Pantry',10,721),('Applesauce','Canned',0,'cans','Larry Collins Memorial Pantry',10,722),('Baked beans','Canned',106,'cans','Larry Collins Memorial Pantry',10,723),('Broth','Canned',36,'cans','Larry Collins Memorial Pantry',10,724),('Fruit','Canned',91,'cans','Larry Collins Memorial Pantry',10,725),('Olives','Canned',17,'cans','Larry Collins Memorial Pantry',10,726),('Tinned meats','Canned',14,'cans','Larry Collins Memorial Pantry',10,727),('Chicken','Canned',40,'cans','Larry Collins Memorial Pantry',10,728),('Chili','Canned',29,'cans','Larry Collins Memorial Pantry',10,729),('Veggies','Canned',164,'cans','Larry Collins Memorial Pantry',10,730),('Asparagus','Vegetables',85,'pounds','Salvation Army',11,731),('Broccoli','Vegetables',56,'pounds','Salvation Army',11,732),('Carrots','Vegetables',176,'pounds','Salvation Army',11,733),('Cauliflower','Vegetables',144,'pounds','Salvation Army',11,734),('Celery','Vegetables',105,'pounds','Salvation Army',11,735),('Corn','Vegetables',123,'pounds','Salvation Army',11,736),('Cucumbers','Vegetables',149,'pounds','Salvation Army',11,737),('Lettuce','Vegetables',114,'pounds','Salvation Army',11,738),('Mushrooms','Vegetables',0,'pounds','Salvation Army',11,739),('Onions','Vegetables',46,'pounds','Salvation Army',11,740),('Peppers','Vegetables',125,'pounds','Salvation Army',11,741),('Potatoes','Vegetables',43,'pounds','Salvation Army',11,742),('Spinach','Vegetables',3,'pounds','Salvation Army',11,743),('Squash','Vegetables',20,'pounds','Salvation Army',11,744),('Zucchini','Vegetables',92,'pounds','Salvation Army',11,745),('Tomatoes','Vegetables',189,'pounds','Salvation Army',11,746),('Butter','Dairy',7,'packs','Salvation Army',11,747),('Cottage cheese','Dairy',0,'packs','Salvation Army',11,748),('Half & half','Dairy',55,'packs','Salvation Army',11,749),('Milk','Dairy',55,'packs','Salvation Army',11,750),('Sour cream','Dairy',105,'packs','Salvation Army',11,751),('Whipped cream','Dairy',0,'packs','Salvation Army',11,752),('Yogurt','Dairy',175,'packs','Salvation Army',11,753),('Bagels','Baked',0,'bags','Salvation Army',11,754),('Buns','Baked',31,'bags','Salvation Army',11,755),('Cake','Baked',116,'bags','Salvation Army',11,756),('Donuts','Baked',59,'bags','Salvation Army',11,757),('Fresh bread','Baked',126,'bags','Salvation Army',11,758),('Pie','Baked',116,'bags','Salvation Army',11,759),('Pita bread','Baked',144,'bags','Salvation Army',11,760),('Sliced bread','Baked',15,'bags','Salvation Army',11,761),('Bacon','Meat',47,'pounds','Salvation Army',11,762),('Beef','Meat',26,'pounds','Salvation Army',11,763),('Chicken','Meat',157,'pounds','Salvation Army',11,764),('Ground beef','Meat',182,'pounds','Salvation Army',11,765),('Pork','Meat',10,'pounds','Salvation Army',11,766),('Hot dogs','Meat',136,'pounds','Salvation Army',11,767),('Lunchmeat','Meat',0,'pounds','Salvation Army',11,768),('Turkey','Meat',16,'pounds','Salvation Army',11,769),('Sausgae','Meat',0,'pounds','Salvation Army',11,770),('Catfish','Seafood',37,'pounds','Salvation Army',11,771),('Shrimp','Seafood',0,'pounds','Salvation Army',11,772),('Tuna','Seafood',12,'pounds','Salvation Army',11,773),('Rice','Carbohydrate',14,'bags','Salvation Army',11,774),('Spaghetti','Carbohydrate',92,'bags','Salvation Army',11,775),('Pasta','Carbohydrate',13,'bags','Salvation Army',11,776),('Cereals','Carbohydrate',21,'bags','Salvation Army',11,777),('Muffin','Carbohydrate',61,'bags','Salvation Army',11,778),('Biscuit','Carbohydrate',0,'bags','Salvation Army',11,779),('Apples','Fruits',0,'pounds','Salvation Army',11,780),('Avocados','Fruits',26,'pounds','Salvation Army',11,781),('Bananas','Fruits',188,'pounds','Salvation Army',11,782),('Berries','Fruits',139,'pounds','Salvation Army',11,783),('Cherries','Fruits',133,'pounds','Salvation Army',11,784),('Grapefruit','Fruits',140,'pounds','Salvation Army',11,785),('Grapes','Fruits',0,'pounds','Salvation Army',11,786),('Kiwis','Fruits',126,'pounds','Salvation Army',11,787),('Lemons','Fruits',112,'pounds','Salvation Army',11,788),('Melon','Fruits',124,'pounds','Salvation Army',11,789),('Nectarines','Fruits',132,'pounds','Salvation Army',11,790),('Oranges','Fruits',23,'pounds','Salvation Army',11,791),('Peaches','Fruits',0,'pounds','Salvation Army',11,792),('Pears','Fruits',63,'pounds','Salvation Army',11,793),('Plums','Fruits',93,'pounds','Salvation Army',11,794),('Applesauce','Canned',145,'cans','Salvation Army',11,795),('Baked beans','Canned',0,'cans','Salvation Army',11,796),('Broth','Canned',97,'cans','Salvation Army',11,797),('Fruit','Canned',0,'cans','Salvation Army',11,798),('Olives','Canned',149,'cans','Salvation Army',11,799),('Tinned meats','Canned',0,'cans','Salvation Army',11,800),('Chicken','Canned',49,'cans','Salvation Army',11,801),('Chili','Canned',45,'cans','Salvation Army',11,802),('Veggies','Canned',90,'cans','Salvation Army',11,803),('Asparagus','Vegetables',93,'pounds','The ARC of Lane County',12,804),('Broccoli','Vegetables',14,'pounds','The ARC of Lane County',12,805),('Carrots','Vegetables',140,'pounds','The ARC of Lane County',12,806),('Cauliflower','Vegetables',135,'pounds','The ARC of Lane County',12,807),('Celery','Vegetables',58,'pounds','The ARC of Lane County',12,808),('Corn','Vegetables',0,'pounds','The ARC of Lane County',12,809),('Cucumbers','Vegetables',95,'pounds','The ARC of Lane County',12,810),('Lettuce','Vegetables',69,'pounds','The ARC of Lane County',12,811),('Mushrooms','Vegetables',118,'pounds','The ARC of Lane County',12,812),('Onions','Vegetables',162,'pounds','The ARC of Lane County',12,813),('Peppers','Vegetables',50,'pounds','The ARC of Lane County',12,814),('Potatoes','Vegetables',23,'pounds','The ARC of Lane County',12,815),('Spinach','Vegetables',194,'pounds','The ARC of Lane County',12,816),('Squash','Vegetables',3,'pounds','The ARC of Lane County',12,817),('Zucchini','Vegetables',57,'pounds','The ARC of Lane County',12,818),('Tomatoes','Vegetables',158,'pounds','The ARC of Lane County',12,819),('Butter','Dairy',188,'packs','The ARC of Lane County',12,820),('Cottage cheese','Dairy',22,'packs','The ARC of Lane County',12,821),('Half & half','Dairy',47,'packs','The ARC of Lane County',12,822),('Milk','Dairy',129,'packs','The ARC of Lane County',12,823),('Sour cream','Dairy',107,'packs','The ARC of Lane County',12,824),('Whipped cream','Dairy',63,'packs','The ARC of Lane County',12,825),('Yogurt','Dairy',120,'packs','The ARC of Lane County',12,826),('Bagels','Baked',45,'bags','The ARC of Lane County',12,827),('Buns','Baked',0,'bags','The ARC of Lane County',12,828),('Cake','Baked',103,'bags','The ARC of Lane County',12,829),('Donuts','Baked',74,'bags','The ARC of Lane County',12,830),('Fresh bread','Baked',175,'bags','The ARC of Lane County',12,831),('Pie','Baked',0,'bags','The ARC of Lane County',12,832),('Pita bread','Baked',96,'bags','The ARC of Lane County',12,833),('Sliced bread','Baked',0,'bags','The ARC of Lane County',12,834),('Bacon','Meat',19,'pounds','The ARC of Lane County',12,835),('Beef','Meat',26,'pounds','The ARC of Lane County',12,836),('Chicken','Meat',94,'pounds','The ARC of Lane County',12,837),('Ground beef','Meat',34,'pounds','The ARC of Lane County',12,838),('Pork','Meat',190,'pounds','The ARC of Lane County',12,839),('Hot dogs','Meat',0,'pounds','The ARC of Lane County',12,840),('Lunchmeat','Meat',51,'pounds','The ARC of Lane County',12,841),('Turkey','Meat',118,'pounds','The ARC of Lane County',12,842),('Sausgae','Meat',75,'pounds','The ARC of Lane County',12,843),('Catfish','Seafood',21,'pounds','The ARC of Lane County',12,844),('Shrimp','Seafood',173,'pounds','The ARC of Lane County',12,845),('Tuna','Seafood',186,'pounds','The ARC of Lane County',12,846),('Rice','Carbohydrate',58,'bags','The ARC of Lane County',12,847),('Spaghetti','Carbohydrate',90,'bags','The ARC of Lane County',12,848),('Pasta','Carbohydrate',0,'bags','The ARC of Lane County',12,849),('Cereals','Carbohydrate',117,'bags','The ARC of Lane County',12,850),('Muffin','Carbohydrate',0,'bags','The ARC of Lane County',12,851),('Biscuit','Carbohydrate',0,'bags','The ARC of Lane County',12,852),('Apples','Fruits',164,'pounds','The ARC of Lane County',12,853),('Avocados','Fruits',112,'pounds','The ARC of Lane County',12,854),('Bananas','Fruits',188,'pounds','The ARC of Lane County',12,855),('Berries','Fruits',21,'pounds','The ARC of Lane County',12,856),('Cherries','Fruits',106,'pounds','The ARC of Lane County',12,857),('Grapefruit','Fruits',66,'pounds','The ARC of Lane County',12,858),('Grapes','Fruits',0,'pounds','The ARC of Lane County',12,859),('Kiwis','Fruits',118,'pounds','The ARC of Lane County',12,860),('Lemons','Fruits',143,'pounds','The ARC of Lane County',12,861),('Melon','Fruits',0,'pounds','The ARC of Lane County',12,862),('Nectarines','Fruits',0,'pounds','The ARC of Lane County',12,863),('Oranges','Fruits',28,'pounds','The ARC of Lane County',12,864),('Peaches','Fruits',0,'pounds','The ARC of Lane County',12,865),('Pears','Fruits',0,'pounds','The ARC of Lane County',12,866),('Plums','Fruits',144,'pounds','The ARC of Lane County',12,867),('Applesauce','Canned',120,'cans','The ARC of Lane County',12,868),('Baked beans','Canned',106,'cans','The ARC of Lane County',12,869),('Broth','Canned',76,'cans','The ARC of Lane County',12,870),('Fruit','Canned',100,'cans','The ARC of Lane County',12,871),('Olives','Canned',51,'cans','The ARC of Lane County',12,872),('Tinned meats','Canned',138,'cans','The ARC of Lane County',12,873),('Chicken','Canned',34,'cans','The ARC of Lane County',12,874),('Chili','Canned',175,'cans','The ARC of Lane County',12,875),('Veggies','Canned',37,'cans','The ARC of Lane County',12,876),('Asparagus','Vegetables',174,'pounds','Casa de Luz',13,877),('Broccoli','Vegetables',138,'pounds','Casa de Luz',13,878),('Carrots','Vegetables',72,'pounds','Casa de Luz',13,879),('Cauliflower','Vegetables',92,'pounds','Casa de Luz',13,880),('Celery','Vegetables',169,'pounds','Casa de Luz',13,881),('Corn','Vegetables',79,'pounds','Casa de Luz',13,882),('Cucumbers','Vegetables',139,'pounds','Casa de Luz',13,883),('Lettuce','Vegetables',67,'pounds','Casa de Luz',13,884),('Mushrooms','Vegetables',177,'pounds','Casa de Luz',13,885),('Onions','Vegetables',71,'pounds','Casa de Luz',13,886),('Peppers','Vegetables',19,'pounds','Casa de Luz',13,887),('Potatoes','Vegetables',73,'pounds','Casa de Luz',13,888),('Spinach','Vegetables',0,'pounds','Casa de Luz',13,889),('Squash','Vegetables',8,'pounds','Casa de Luz',13,890),('Zucchini','Vegetables',153,'pounds','Casa de Luz',13,891),('Tomatoes','Vegetables',50,'pounds','Casa de Luz',13,892),('Butter','Dairy',0,'packs','Casa de Luz',13,893),('Cottage cheese','Dairy',93,'packs','Casa de Luz',13,894),('Half & half','Dairy',0,'packs','Casa de Luz',13,895),('Milk','Dairy',0,'packs','Casa de Luz',13,896),('Sour cream','Dairy',102,'packs','Casa de Luz',13,897),('Whipped cream','Dairy',152,'packs','Casa de Luz',13,898),('Yogurt','Dairy',0,'packs','Casa de Luz',13,899),('Bagels','Baked',7,'bags','Casa de Luz',13,900),('Buns','Baked',171,'bags','Casa de Luz',13,901),('Cake','Baked',196,'bags','Casa de Luz',13,902),('Donuts','Baked',187,'bags','Casa de Luz',13,903),('Fresh bread','Baked',21,'bags','Casa de Luz',13,904),('Pie','Baked',0,'bags','Casa de Luz',13,905),('Pita bread','Baked',0,'bags','Casa de Luz',13,906),('Sliced bread','Baked',152,'bags','Casa de Luz',13,907),('Bacon','Meat',78,'pounds','Casa de Luz',13,908),('Beef','Meat',130,'pounds','Casa de Luz',13,909),('Chicken','Meat',0,'pounds','Casa de Luz',13,910),('Ground beef','Meat',111,'pounds','Casa de Luz',13,911),('Pork','Meat',107,'pounds','Casa de Luz',13,912),('Hot dogs','Meat',32,'pounds','Casa de Luz',13,913),('Lunchmeat','Meat',176,'pounds','Casa de Luz',13,914),('Turkey','Meat',65,'pounds','Casa de Luz',13,915),('Sausgae','Meat',0,'pounds','Casa de Luz',13,916),('Catfish','Seafood',0,'pounds','Casa de Luz',13,917),('Shrimp','Seafood',174,'pounds','Casa de Luz',13,918),('Tuna','Seafood',67,'pounds','Casa de Luz',13,919),('Rice','Carbohydrate',51,'bags','Casa de Luz',13,920),('Spaghetti','Carbohydrate',121,'bags','Casa de Luz',13,921),('Pasta','Carbohydrate',39,'bags','Casa de Luz',13,922),('Cereals','Carbohydrate',0,'bags','Casa de Luz',13,923),('Muffin','Carbohydrate',188,'bags','Casa de Luz',13,924),('Biscuit','Carbohydrate',167,'bags','Casa de Luz',13,925),('Apples','Fruits',44,'pounds','Casa de Luz',13,926),('Avocados','Fruits',5,'pounds','Casa de Luz',13,927),('Bananas','Fruits',5,'pounds','Casa de Luz',13,928),('Berries','Fruits',29,'pounds','Casa de Luz',13,929),('Cherries','Fruits',46,'pounds','Casa de Luz',13,930),('Grapefruit','Fruits',148,'pounds','Casa de Luz',13,931),('Grapes','Fruits',114,'pounds','Casa de Luz',13,932),('Kiwis','Fruits',0,'pounds','Casa de Luz',13,933),('Lemons','Fruits',152,'pounds','Casa de Luz',13,934),('Melon','Fruits',116,'pounds','Casa de Luz',13,935),('Nectarines','Fruits',97,'pounds','Casa de Luz',13,936),('Oranges','Fruits',82,'pounds','Casa de Luz',13,937),('Peaches','Fruits',75,'pounds','Casa de Luz',13,938),('Pears','Fruits',131,'pounds','Casa de Luz',13,939),('Plums','Fruits',0,'pounds','Casa de Luz',13,940),('Applesauce','Canned',96,'cans','Casa de Luz',13,941),('Baked beans','Canned',12,'cans','Casa de Luz',13,942),('Broth','Canned',176,'cans','Casa de Luz',13,943),('Fruit','Canned',114,'cans','Casa de Luz',13,944),('Olives','Canned',109,'cans','Casa de Luz',13,945),('Tinned meats','Canned',45,'cans','Casa de Luz',13,946),('Chicken','Canned',166,'cans','Casa de Luz',13,947),('Chili','Canned',41,'cans','Casa de Luz',13,948),('Veggies','Canned',99,'cans','Casa de Luz',13,949),('Asparagus','Vegetables',0,'pounds','Eugene Faith Center',14,950),('Broccoli','Vegetables',26,'pounds','Eugene Faith Center',14,951),('Carrots','Vegetables',0,'pounds','Eugene Faith Center',14,952),('Cauliflower','Vegetables',0,'pounds','Eugene Faith Center',14,953),('Celery','Vegetables',0,'pounds','Eugene Faith Center',14,954),('Corn','Vegetables',172,'pounds','Eugene Faith Center',14,955),('Cucumbers','Vegetables',187,'pounds','Eugene Faith Center',14,956),('Lettuce','Vegetables',77,'pounds','Eugene Faith Center',14,957),('Mushrooms','Vegetables',27,'pounds','Eugene Faith Center',14,958),('Onions','Vegetables',179,'pounds','Eugene Faith Center',14,959),('Peppers','Vegetables',0,'pounds','Eugene Faith Center',14,960),('Potatoes','Vegetables',128,'pounds','Eugene Faith Center',14,961),('Spinach','Vegetables',128,'pounds','Eugene Faith Center',14,962),('Squash','Vegetables',0,'pounds','Eugene Faith Center',14,963),('Zucchini','Vegetables',100,'pounds','Eugene Faith Center',14,964),('Tomatoes','Vegetables',99,'pounds','Eugene Faith Center',14,965),('Butter','Dairy',76,'packs','Eugene Faith Center',14,966),('Cottage cheese','Dairy',59,'packs','Eugene Faith Center',14,967),('Half & half','Dairy',109,'packs','Eugene Faith Center',14,968),('Milk','Dairy',0,'packs','Eugene Faith Center',14,969),('Sour cream','Dairy',18,'packs','Eugene Faith Center',14,970),('Whipped cream','Dairy',65,'packs','Eugene Faith Center',14,971),('Yogurt','Dairy',147,'packs','Eugene Faith Center',14,972),('Bagels','Baked',142,'bags','Eugene Faith Center',14,973),('Buns','Baked',92,'bags','Eugene Faith Center',14,974),('Cake','Baked',41,'bags','Eugene Faith Center',14,975),('Donuts','Baked',176,'bags','Eugene Faith Center',14,976),('Fresh bread','Baked',126,'bags','Eugene Faith Center',14,977),('Pie','Baked',0,'bags','Eugene Faith Center',14,978),('Pita bread','Baked',106,'bags','Eugene Faith Center',14,979),('Sliced bread','Baked',191,'bags','Eugene Faith Center',14,980),('Bacon','Meat',85,'pounds','Eugene Faith Center',14,981),('Beef','Meat',189,'pounds','Eugene Faith Center',14,982),('Chicken','Meat',107,'pounds','Eugene Faith Center',14,983),('Ground beef','Meat',20,'pounds','Eugene Faith Center',14,984),('Pork','Meat',8,'pounds','Eugene Faith Center',14,985),('Hot dogs','Meat',131,'pounds','Eugene Faith Center',14,986),('Lunchmeat','Meat',9,'pounds','Eugene Faith Center',14,987),('Turkey','Meat',152,'pounds','Eugene Faith Center',14,988),('Sausgae','Meat',127,'pounds','Eugene Faith Center',14,989),('Catfish','Seafood',55,'pounds','Eugene Faith Center',14,990),('Shrimp','Seafood',45,'pounds','Eugene Faith Center',14,991),('Tuna','Seafood',49,'pounds','Eugene Faith Center',14,992),('Rice','Carbohydrate',45,'bags','Eugene Faith Center',14,993),('Spaghetti','Carbohydrate',104,'bags','Eugene Faith Center',14,994),('Pasta','Carbohydrate',61,'bags','Eugene Faith Center',14,995),('Cereals','Carbohydrate',78,'bags','Eugene Faith Center',14,996),('Muffin','Carbohydrate',75,'bags','Eugene Faith Center',14,997),('Biscuit','Carbohydrate',195,'bags','Eugene Faith Center',14,998),('Apples','Fruits',131,'pounds','Eugene Faith Center',14,999),('Avocados','Fruits',8,'pounds','Eugene Faith Center',14,1000),('Bananas','Fruits',158,'pounds','Eugene Faith Center',14,1001),('Berries','Fruits',5,'pounds','Eugene Faith Center',14,1002),('Cherries','Fruits',39,'pounds','Eugene Faith Center',14,1003),('Grapefruit','Fruits',32,'pounds','Eugene Faith Center',14,1004),('Grapes','Fruits',166,'pounds','Eugene Faith Center',14,1005),('Kiwis','Fruits',52,'pounds','Eugene Faith Center',14,1006),('Lemons','Fruits',0,'pounds','Eugene Faith Center',14,1007),('Melon','Fruits',0,'pounds','Eugene Faith Center',14,1008),('Nectarines','Fruits',189,'pounds','Eugene Faith Center',14,1009),('Oranges','Fruits',120,'pounds','Eugene Faith Center',14,1010),('Peaches','Fruits',38,'pounds','Eugene Faith Center',14,1011),('Pears','Fruits',0,'pounds','Eugene Faith Center',14,1012),('Plums','Fruits',148,'pounds','Eugene Faith Center',14,1013),('Applesauce','Canned',108,'cans','Eugene Faith Center',14,1014),('Baked beans','Canned',88,'cans','Eugene Faith Center',14,1015),('Broth','Canned',165,'cans','Eugene Faith Center',14,1016),('Fruit','Canned',86,'cans','Eugene Faith Center',14,1017),('Olives','Canned',18,'cans','Eugene Faith Center',14,1018),('Tinned meats','Canned',115,'cans','Eugene Faith Center',14,1019),('Chicken','Canned',70,'cans','Eugene Faith Center',14,1020),('Chili','Canned',85,'cans','Eugene Faith Center',14,1021),('Veggies','Canned',195,'cans','Eugene Faith Center',14,1022),('Asparagus','Vegetables',0,'pounds','Alluvium Church',15,1023),('Broccoli','Vegetables',200,'pounds','Alluvium Church',15,1024),('Carrots','Vegetables',198,'pounds','Alluvium Church',15,1025),('Cauliflower','Vegetables',0,'pounds','Alluvium Church',15,1026),('Celery','Vegetables',187,'pounds','Alluvium Church',15,1027),('Corn','Vegetables',85,'pounds','Alluvium Church',15,1028),('Cucumbers','Vegetables',171,'pounds','Alluvium Church',15,1029),('Lettuce','Vegetables',108,'pounds','Alluvium Church',15,1030),('Mushrooms','Vegetables',120,'pounds','Alluvium Church',15,1031),('Onions','Vegetables',0,'pounds','Alluvium Church',15,1032),('Peppers','Vegetables',165,'pounds','Alluvium Church',15,1033),('Potatoes','Vegetables',4,'pounds','Alluvium Church',15,1034),('Spinach','Vegetables',78,'pounds','Alluvium Church',15,1035),('Squash','Vegetables',100,'pounds','Alluvium Church',15,1036),('Zucchini','Vegetables',87,'pounds','Alluvium Church',15,1037),('Tomatoes','Vegetables',64,'pounds','Alluvium Church',15,1038),('Butter','Dairy',158,'packs','Alluvium Church',15,1039),('Cottage cheese','Dairy',77,'packs','Alluvium Church',15,1040),('Half & half','Dairy',25,'packs','Alluvium Church',15,1041),('Milk','Dairy',126,'packs','Alluvium Church',15,1042),('Sour cream','Dairy',140,'packs','Alluvium Church',15,1043),('Whipped cream','Dairy',44,'packs','Alluvium Church',15,1044),('Yogurt','Dairy',0,'packs','Alluvium Church',15,1045),('Bagels','Baked',0,'bags','Alluvium Church',15,1046),('Buns','Baked',4,'bags','Alluvium Church',15,1047),('Cake','Baked',69,'bags','Alluvium Church',15,1048),('Donuts','Baked',42,'bags','Alluvium Church',15,1049),('Fresh bread','Baked',0,'bags','Alluvium Church',15,1050),('Pie','Baked',82,'bags','Alluvium Church',15,1051),('Pita bread','Baked',110,'bags','Alluvium Church',15,1052),('Sliced bread','Baked',147,'bags','Alluvium Church',15,1053),('Bacon','Meat',54,'pounds','Alluvium Church',15,1054),('Beef','Meat',150,'pounds','Alluvium Church',15,1055),('Chicken','Meat',59,'pounds','Alluvium Church',15,1056),('Ground beef','Meat',0,'pounds','Alluvium Church',15,1057),('Pork','Meat',30,'pounds','Alluvium Church',15,1058),('Hot dogs','Meat',112,'pounds','Alluvium Church',15,1059),('Lunchmeat','Meat',130,'pounds','Alluvium Church',15,1060),('Turkey','Meat',177,'pounds','Alluvium Church',15,1061),('Sausgae','Meat',83,'pounds','Alluvium Church',15,1062),('Catfish','Seafood',115,'pounds','Alluvium Church',15,1063),('Shrimp','Seafood',47,'pounds','Alluvium Church',15,1064),('Tuna','Seafood',32,'pounds','Alluvium Church',15,1065),('Rice','Carbohydrate',0,'bags','Alluvium Church',15,1066),('Spaghetti','Carbohydrate',120,'bags','Alluvium Church',15,1067),('Pasta','Carbohydrate',0,'bags','Alluvium Church',15,1068),('Cereals','Carbohydrate',42,'bags','Alluvium Church',15,1069),('Muffin','Carbohydrate',0,'bags','Alluvium Church',15,1070),('Biscuit','Carbohydrate',0,'bags','Alluvium Church',15,1071),('Apples','Fruits',69,'pounds','Alluvium Church',15,1072),('Avocados','Fruits',96,'pounds','Alluvium Church',15,1073),('Bananas','Fruits',163,'pounds','Alluvium Church',15,1074),('Berries','Fruits',114,'pounds','Alluvium Church',15,1075),('Cherries','Fruits',0,'pounds','Alluvium Church',15,1076),('Grapefruit','Fruits',37,'pounds','Alluvium Church',15,1077),('Grapes','Fruits',0,'pounds','Alluvium Church',15,1078),('Kiwis','Fruits',0,'pounds','Alluvium Church',15,1079),('Lemons','Fruits',61,'pounds','Alluvium Church',15,1080),('Melon','Fruits',0,'pounds','Alluvium Church',15,1081),('Nectarines','Fruits',60,'pounds','Alluvium Church',15,1082),('Oranges','Fruits',70,'pounds','Alluvium Church',15,1083),('Peaches','Fruits',112,'pounds','Alluvium Church',15,1084),('Pears','Fruits',33,'pounds','Alluvium Church',15,1085),('Plums','Fruits',118,'pounds','Alluvium Church',15,1086),('Applesauce','Canned',151,'cans','Alluvium Church',15,1087),('Baked beans','Canned',27,'cans','Alluvium Church',15,1088),('Broth','Canned',168,'cans','Alluvium Church',15,1089),('Fruit','Canned',72,'cans','Alluvium Church',15,1090),('Olives','Canned',8,'cans','Alluvium Church',15,1091),('Tinned meats','Canned',49,'cans','Alluvium Church',15,1092),('Chicken','Canned',0,'cans','Alluvium Church',15,1093),('Chili','Canned',127,'cans','Alluvium Church',15,1094),('Veggies','Canned',134,'cans','Alluvium Church',15,1095);
/*!40000 ALTER TABLE `food_item` ENABLE KEYS */;
UNLOCK TABLES;

--
-- Table structure for table `hours`
--

DROP TABLE IF EXISTS `hours`;
/*!40101 SET @saved_cs_client     = @@character_set_client */;
/*!50503 SET character_set_client = utf8mb4 */;
CREATE TABLE `hours` (
  `fb_ID` int DEFAULT NULL,
  `Monday` text,
  `Monday_close` text,
  `Tuesday` text,
  `Tuesday_close` text,
  `Wednesday` text,
  `Wednesday_close` text,
  `Thursday` text,
  `Thursday_close` text,
  `Friday` text,
  `Friday_close` text,
  `Saturday` text,
  `Saturday_close` text,
  `Sunday` text,
  `Sunday_close` text
) ENGINE=InnoDB DEFAULT CHARSET=utf8mb4 COLLATE=utf8mb4_0900_ai_ci;
/*!40101 SET character_set_client = @saved_cs_client */;

--
-- Dumping data for table `hours`
--

LOCK TABLES `hours` WRITE;
/*!40000 ALTER TABLE `hours` DISABLE KEYS */;
INSERT INTO `hours` VALUES (1,'14:00:00','16:00:00','','','','','','','','','','','',''),(2,'','','','','','','','','','','9:30:00','14:00:00','',''),(3,'','','','','','','','','','','10:00:00','13:00:00','',''),(4,'','','','','','','','','','','10:00:00','11:30:00','',''),(5,'','','9:00:00','13:00:00','','','9:00:00','13:00:00','9:00:00','13:00:00','','','',''),(6,'','','','','8:00:00','12:00:00','','','8:00:00','12:00:00','','','',''),(7,'','','','','','','10:30:00','12:30:00','','','','','',''),(8,'8:00:00','12:00:00','','','8:00:00','12:00:00','','','','','','','',''),(9,'','','','','','','12:00:00','4:00:00','','','','','',''),(10,'','','','','','','','','10:00:00','12:00:00','','','',''),(11,'8:30:00','11:30:00','','','8:30:00','11:30:00','','','','','','','',''),(12,'','','15:00:00','18:00:00','','','15:00:00','18:00:00','','','','','',''),(13,'','','','','','','','','','','10:00:00','11:30:00','',''),(14,'','','','','','','14:00:00','18:00:00','','','','','',''),(15,'','','','','','','','','','','','','13:00:00','15:00:00');
/*!40000 ALTER TABLE `hours` ENABLE KEYS */;
UNLOCK TABLES;

--
-- Table structure for table `outgoing`
--

DROP TABLE IF EXISTS `outgoing`;
/*!40101 SET @saved_cs_client     = @@character_set_client */;
/*!50503 SET character_set_client = utf8mb4 */;
CREATE TABLE `outgoing` (
  `Item_name` text,
  `Category` text,
  `Quantity` text,
  `Units` text,
  `Location` text,
  `fb_ID` text,
  `fd_ID` text
) ENGINE=InnoDB DEFAULT CHARSET=utf8mb4 COLLATE=utf8mb4_0900_ai_ci;
/*!40101 SET character_set_client = @saved_cs_client */;

--
-- Dumping data for table `outgoing`
--

LOCK TABLES `outgoing` WRITE;
/*!40000 ALTER TABLE `outgoing` DISABLE KEYS */;
/*!40000 ALTER TABLE `outgoing` ENABLE KEYS */;
UNLOCK TABLES;
/*!40103 SET TIME_ZONE=@OLD_TIME_ZONE */;

/*!40101 SET SQL_MODE=@OLD_SQL_MODE */;
/*!40014 SET FOREIGN_KEY_CHECKS=@OLD_FOREIGN_KEY_CHECKS */;
/*!40014 SET UNIQUE_CHECKS=@OLD_UNIQUE_CHECKS */;
/*!40101 SET CHARACTER_SET_CLIENT=@OLD_CHARACTER_SET_CLIENT */;
/*!40101 SET CHARACTER_SET_RESULTS=@OLD_CHARACTER_SET_RESULTS */;
/*!40101 SET COLLATION_CONNECTION=@OLD_COLLATION_CONNECTION */;
/*!40111 SET SQL_NOTES=@OLD_SQL_NOTES */;

-- Dump completed on 2023-03-12 11:42:43
